{
    "nodes": [
        {
            "id": "비상계엄",
            "importance": 0.03
        },
        {
            "id": "환율",
            "importance": 0.02
        },
        {
            "id": "국가 이미지",
            "importance": 0.025
        },
        {
            "id": "원화",
            "importance": 0.02
        },
        {
            "id": "환전",
            "importance": 0.015
        },
        {
            "id": "해외여행",
            "importance": 0.02
        },
        {
            "id": "국제 관계",
            "importance": 0.03
        }
    ],
    "edges": [
        {
            "id": "edge1",
            "nodes": [
                "비상계엄",
                "국가 이미지"
            ],
            "description": "비상계엄으로 인한 국가 이미지 훼손"
        },
        {
            "id": "edge2",
            "nodes": [
                "비상계엄",
                "환율"
            ],
            "description": "정치적 불안이 환율 변동에 미치는 영향"
        },
        {
            "id": "edge3",
            "nodes": [
                "비상계엄",
                "환전"
            ],
            "description": "비상계엄으로 인해 일부 국가에서 원화 환전 거부 사례 발생"
        },
        {
            "id": "edge4",
            "nodes": [
                "원화",
                "환전"
            ],
            "description": "원화에 대한 국제적 신뢰 감소로 환전 거부 사례 증가"
        },
        {
            "id": "edge5",
            "nodes": [
                "해외여행",
                "환율"
            ],
            "description": "환율 급등이 해외여행 비용에 미치는 부정적 영향"
        },
        {
            "id": "edge6",
            "nodes": [
                "국제 관계",
                "국가 이미지"
            ],
            "description": "비상계엄 이후 주요국의 한국 여행 경고와 관계 악화"
        },
        {
            "id": "edge7",
            "nodes": [
                "비상계엄",
                "국제 관계"
            ],
            "description": "비상계엄 선포와 해제로 인한 국제적 우려 증가"
        },
        {
            "id": "edge8",
            "nodes": [
                "국제 관계",
                "환전"
            ],
            "description": "환전 거부 사례로 인한 국제적 영향"
        },
        {
            "id": "edge9",
            "nodes": [
                "통화",
                "환율"
            ],
            "description": "동사2"
        }
    ]
}
