{
    "nodes": [
        {
            "id": "환율",
            "importance": 0.03
        },
        {
            "id": "여행업계",
            "importance": 0.02
        },
        {
            "id": "해외여행",
            "importance": 0.03
        },
        {
            "id": "고환율",
            "importance": 0.02
        },
        {
            "id": "비상 계엄",
            "importance": 0.02
        },
        {
            "id": "여행경비",
            "importance": 0.015
        },
        {
            "id": "국외여행 표준약관",
            "importance": 0.01
        }
    ],
    "edges": [
        {
            "id": "edge1",
            "nodes": [
                "환율",
                "여행업계"
            ],
            "description": "환율 변동이 여행업계에 미치는 영향"
        },
        {
            "id": "edge2",
            "nodes": [
                "환율",
                "해외여행"
            ],
            "description": "환율 상승이 해외여행 수요와 경비 부담에 미치는 영향"
        },
        {
            "id": "edge3",
            "nodes": [
                "고환율",
                "여행경비"
            ],
            "description": "고환율로 인한 여행경비 증가"
        },
        {
            "id": "edge4",
            "nodes": [
                "비상 계엄",
                "환율"
            ],
            "description": "비상 계엄 선언이 환율 급등에 미치는 영향"
        },
        {
            "id": "edge5",
            "nodes": [
                "여행업계",
                "국외여행 표준약관"
            ],
            "description": "표준약관에 따른 추가 비용 청구 가능성"
        },
        {
            "id": "edge6",
            "nodes": [
                "환율",
                "국외여행 표준약관"
            ],
            "description": "환율 변동 기준 초과로 추가 비용 청구 요건 충족"
        },
        {
            "id": "edge7",
            "nodes": [
                "해외여행",
                "비상 계엄"
            ],
            "description": "비상 계엄에 따른 해외여행 예약 취소 문의 증가"
        }
    ]
}
