{
    "nodes": [
        {
            "id": "소비자심리지수(CCSI)",
            "importance": 0.02
        },
        {
            "id": "향후경기전망",
            "importance": 0.03
        },
        {
            "id": "현재경기판단",
            "importance": 0.02
        },
        {
            "id": "주택가격전망지수",
            "importance": 0.02
        },
        {
            "id": "금리수준전망지수",
            "importance": 0.015
        },
        {
            "id": "기대인플레이션율",
            "importance": 0.015
        },
        {
            "id": "환율",
            "importance": 0.02
        },
        {
            "id": "미국 대선",
            "importance": 0.03
        },
        {
            "id": "수출",
            "importance": 0.02
        },
        {
            "id": "물가",
            "importance": 0.02
        }
    ],
    "edges": [
        {
            "id": "edge1",
            "nodes": [
                "소비자심리지수(CCSI)",
                "향후경기전망"
            ],
            "description": "소비자심리지수가 하락하며 향후 경기 전망 악화"
        },
        {
            "id": "edge2",
            "nodes": [
                "미국 대선",
                "수출"
            ],
            "description": "보호무역 기조 강화로 수출 둔화 우려"
        },
        {
            "id": "edge3",
            "nodes": [
                "주택가격전망지수",
                "금리수준전망지수"
            ],
            "description": "금리 상승 영향으로 주택가격 전망 하락"
        },
        {
            "id": "edge4",
            "nodes": [
                "기대인플레이션율",
                "물가"
            ],
            "description": "물가 상승 우려로 기대인플레이션율 유지"
        },
        {
            "id": "edge5",
            "nodes": [
                "소비자심리지수(CCSI)",
                "환율"
            ],
            "description": "환율 급등이 소비자 심리에 부정적 영향"
        },
        {
            "id": "edge6",
            "nodes": [
                "미국 대선",
                "향후경기전망"
            ],
            "description": "미국 대선 결과로 경기 부진 우려 확대"
        },
        {
            "id": "edge7",
            "nodes": [
                "소비자심리지수(CCSI)",
                "주택가격전망지수"
            ],
            "description": "주택가격 전망이 소비자 심리에 미치는 영향"
        },
        {
            "id": "edge8",
            "nodes": [
                "환율",
                "수출"
            ],
            "description": "환율 급등이 수출에 미치는 부정적 영향"
        }
    ]
}
