{
    "nodes": [
        {
            "id": "비상계엄",
            "importance": 0.0001
        },
        {
            "id": "원화",
            "importance": 0.1
        },
        {
            "id": "정부",
            "importance": 0.01
        },
        {
            "id": "신용등급",
            "importance": 0.1
        }
    ],
    "edges": [
        {
            "id": "edge1",
            "nodes": [
                "비상계엄",
                "원화"
            ],
            "description": "따르"
        },
        {
            "id": "edge2",
            "nodes": [
                "비상계엄",
                "정부"
            ],
            "description": "알리어, 지었다"
        },
        {
            "id": "edge3",
            "nodes": [
                "비상계엄",
                "정부"
            ],
            "description": "접하"
        },
        {
            "id": "edge4",
            "nodes": [
                "비상계엄",
                "신용등급"
            ],
            "description": "유지, 평가"
        }
    ]
}